WORD,COLLECTION FREQUENCY
ect,13248
hou,6897
subject,6355
enron,5456
deal,2799
please,2555
meter,2415
gas,2352
com,2107
hpl,1995
corp,1583
thanks,1489
daren,1480
need,1437
volume,1337
know,1275
day,1272
forwarded,1188
new,1121
price,1086
mmbtu,1071
get,1037
http,972
let,947
company,946
change,914
contract,900
farmer,894
month,889
see,878
attached,870
information,867
xl,862
may,815
time,812
would,801
ticket,751
robert,750
pec,720
one,703
question,703
sitara,689
nom,663
nomination,651
flow,636
mail,635
call,632
energy,631
email,622
sale,608
texas,595
also,589
number,586
production,584
www,584
service,576
file,575
report,575
want,526
message,524
gary,523
following,520
daily,517
bob,516
font,507
well,490
system,480
like,476
ena,475
product,472
make,471
july,471
business,470
mary,463
delivery,452
plant,445
statement,439
contact,438
per,435
back,434
take,433
could,422
effective,420
march,414
purchase,413
work,412
stock,411
list,410
ami,403
today,402
teco,402
fuel,401
first,399
issue,396
set,395
free,394
line,393
pat,391
order,390
week,384
year,384
rate,379
help,378
security,376
nbsp,375
forward,373
inc,371
melissa,370
jackie,370
group,369
vance,366
height,363
january,359
america,358
name,357
aimee,354
point,351
last,350
agreement,349
north,344
click,342
activity,341
tap,337
houston,337
transport,335
office,331
tenaska,329
within,329
offer,328
sent,327
oil,325
use,324
next,321
pill,321
market,314
date,312
customer,308
available,308
chokshi,308
management,307
width,306
request,304
thank,300
size,300
look,299
think,296
note,294
noms,294
two,293
actuals,292
desk,292
april,292
based,291
net,291
money,289
susan,288
online,288
smith,287
due,287
june,286
mark,285
team,285
show,283
steve,282
made,282
problem,281
best,280
account,278
le,276
looking,273
clynes,272
send,269
term,268
george,268
feb,268
lloyd,268
october,267
future,266
total,264
process,264
risk,264
taylor,263
pipeline,263
august,260
fyi,259
february,258
eastrans,258
phone,257
duke,256
john,256
investment,253
address,253
david,252
info,252
cotten,251
find,251
special,247
give,246
fax,246
meeting,245
right,245
lisa,244
currently,244
julie,241
link,240
align,240
sure,236
hour,236
allocation,234
place,234
resource,234
young,234
michael,233
december,233
september,232
jan,232
tom,231
transaction,230
buy,229
check,229
end,229
many,228
spot,226
revised,226
without,226
global,225
said,223
lannou,221
hplc,220
still,220
going,220
window,220
cost,219
fee,218
center,218
receive,218
good,217
people,217
graf,216
counterparty,216
since,216
high,214
site,214
actual,213
home,213
friday,212
estimate,212
hank,211
keep,211
november,209
utility,209
internet,208
howard,206
additional,206
supply,206
come,206
operation,205
control,205
million,204
state,204
provide,203
software,203
face,202
megan,201
pay,201
color,200
border,200
must,199
copy,199
dec,198
received,198
update,198
save,198
lee,197
performance,193
position,192
trading,192
created,190
natural,190
gc,190
cec,190
hplo,190
way,189
news,189
data,187
visit,187
pefs,186
marketing,186
href,186
result,185
microsoft,185
needed,184
wellhead,184
iferc,184
unify,184
put,183
demand,183
plan,183
employee,183
camp,182
pop,181
allocated,180
project,180
great,180
brian,179
development,178
carlos,178
trade,178
hsc,177
james,177
professional,177
prior,176
sell,176
anita,176
correct,176
form,176
revision,175
able,174
done,174
review,174
entered,173
someone,172
part,172
access,172
program,172
stop,171
continue,171
section,171
party,170
support,170
rita,169
index,169
regarding,169
allen,168
type,168
current,168
fred,168
field,168
monday,168
however,167
manager,167
content,167
original,166
invoice,165
buyback,165
thing,165
reply,165
period,164
dollar,164
world,164
detail,164
accounting,163
international,163
src,163
increase,162
used,162
corporation,162
believe,162
survey,162
much,161
share,161
via,159
act,159
another,157
flowed,157
katherine,156
either,155
coastal,155
source,155
meyers,154
long,154
letter,154
power,154
event,154
low,154
clem,153
entex,153
financial,153
anything,152
firm,152
brenda,152
soon,152
fact,152
possible,152
create,150
using,150
even,150
wynne,149
logistics,149
paid,149
computron,149
ee,148
gco,147
ce,147
every,147
notice,147
swing,147
valley,147
full,146
read,145
family,145
error,145
zero,144
start,144
getting,144
viagra,144
pricing,143
txu,143
web,143
cotton,143
adobe,142
midcon,141
option,141
stephanie,139
city,139
operating,139
amount,138
schedule,138
spreadsheet,138
interest,138
tax,138
technology,138
jones,137
say,137
including,137
working,137
sherlyn,137
feel,136
move,136
sept,135
got,135
three,135
advice,135
katy,134
rodriguez,134
loss,134
prescription,134
med,134
gathering,133
user,133
equistar,133
quality,133
scott,132
morning,132
charge,132
beaumont,132
producer,131
suite,131
page,131
storage,130
area,130
html,130
record,129
remove,129
valid,128
calpine,128
thu,128
karen,128
style,128
redeliveries,127
direct,127
book,127
tomorrow,126
ranch,126
luong,126
cornhusker,126
limited,126
lauri,125
cover,125
follow,125
add,125
old,125
might,125
application,125
donald,124
feedback,124
case,124
item,124
tuesday,124
weekend,124
changed,124
weissman,123
lsk,123
scheduled,123
stacey,123
doc,123
thought,123
acton,122
unit,122
facility,122
availability,122
hplnl,122
thru,122
herod,122
albrecht,122
newsletter,122
already,121
mike,121
lst,121
advise,121
exchange,121
past,121
life,121
include,120
follows,120
cut,120
donna,119
necessary,119
release,119
pipe,119
person,119
communication,118
called,118
handle,118
path,117
complete,117
partner,117
level,117
never,117
scheduling,116
provided,116
everyone,116
hplno,116
methanol,116
regard,116
love,116
something,115
top,114
image,114
paliourg,114
hope,113
confirmed,113
wanted,113
left,113
website,113
try,113
action,113
portfolio,112
vlt,112
yet,112
real,112
effort,112
extend,111
clear,111
cash,111
united,111
mobil,111
little,111
industry,111
ken,110
commercial,110
lamphier,110
requested,109
better,109
second,109
exception,109
required,109
zone,109
reinhardt,108
papayoti,108
cause,108
payment,108
shut,108
confirm,108
version,108
dave,107
thomas,107
east,107
different,107
mid,107
game,107
box,107
anyone,107
updated,106
devon,106
view,106
computer,106
return,106
discussion,106
central,105
always,105
poorman,105
retail,105
bill,105
president,105
carthage,105
open,105
third,105
bgcolor,105
cynthia,104
beginning,104
reason,104
asset,104
around,104
solution,104
extended,104
night,104
sorry,103
country,103
monthly,103
location,103
training,103
parker,102
head,102
stella,102
health,102
settlement,101
receipt,101
thursday,101
arrangement,101
member,101
koch,101
requirement,101
several,100
remember,100
begin,100
exxon,100
schumack,100
drug,100
word,99
card,99
jennifer,99
enter,99
wish,99
personal,99
cialis,99
agree,98
charlie,98
industrial,98
close,98
run,98
edward,98
imbalance,98
addition,98
meet,98
opportunity,98
investing,98
else,97
expected,97
south,97
material,97
friend,97
aol,97
cheryl,96
expense,96
big,96
owner,96
cannot,96
basis,95
small,95
stranger,95
added,95
legal,95
server,95
jim,95
property,95
cernosek,94
stone,94
late,94
private,94
found,94
revenue,94
gif,94
tell,93
victor,93
director,93
strong,93
china,93
pro,93
hesse,92
baumbach,92
capital,92
vacation,92
approval,92
registered,92
fund,92
bryan,91
afternoon,91
credit,91
boa,91
everything,91
promotion,91
etc,90
coming,90
wednesday,90
plus,90
valero,90
prize,90
title,90
medication,90
withers,89
outage,89
apache,89
department,89
pain,89
concern,88
mccoy,88
jeff,88
channel,88
removed,88
mobile,88
easy,88
thousand,88
union,87
charlotte,87
response,87
sold,87
verify,87
drive,87
play,87
experience,87
base,87
potential,87
canada,87
body,87
weight,87
really,86
cleburne,86
darren,86
password,86
bruce,86
expectation,86
given,86
growth,86
track,86
public,86
watch,86
jpg,86
investor,86
biz,86
ltd,85
staff,85
nominated,85
bank,85
ever,85
easttexas,85
kind,85
completed,85
table,85
gpgfin,84
network,84
feature,84
officer,84
shipping,84
doctor,84
beverly,83
sign,83
document,83
ensure,83
probably,83
man,83
soft,83
riley,82
nov,82
included,82
dfarmer,82
sally,82
eol,82
claim,82
major,82
oasis,81
related,81
star,81
saturday,81
mentioned,81
write,81
tina,81
music,81
profile,81
therefore,80
listed,80
reserve,80
referenced,80
mean,80
told,80
fill,80
minute,80
travel,80
transfer,80
exploration,80
img,80
talk,79
nothing,79
trying,79
tejas,79
sandi,79
dear,79
shell,79
expedia,79
valign,79
approximately,78
spoke,78
hey,78
unsubscribe,78
away,78
important,78
publisher,78
mcf,77
assignment,77
william,77
aware,77
showing,77
taken,77
middle,77
mar,77
longer,77
janet,77
text,77
belief,77
green,76
earl,76
assistance,76
bridge,76
quick,76
oct,76
value,76
reliantenergy,76
factor,76
responsibility,76
expect,76
king,76
whole,76
opinion,76
enerfin,76
yahoo,76
guy,75
chance,75
priced,75
side,75
super,75
brand,75
latest,75
nguyen,75
class,75
medium,75
gomes,74
confirmation,74
understanding,74
key,74
directly,74
interested,74
answer,74
lot,74
press,74
div,74
additionally,73
johnson,73
neal,73
reference,73
kc,73
room,73
physical,73
sunday,73
player,73
status,73
discus,73
ready,73
specific,73
browser,73
moopid,73
hotlist,73
lsp,72
idea,72
early,72
short,72
general,72
woman,72
duty,72
php,72
asked,71
neuweiler,71
tetco,71
saving,71
enw,71
dealer,71
photoshop,71
reflect,70
walker,70
later,70
allow,70
taking,70
informed,70
individual,70
model,70
allocate,70
delivered,70
morris,70
code,70
secure,70
download,70
discount,70
video,70
spam,70
large,69
holmes,69
offering,69
includes,69
learn,69
hard,69
immediately,69
cheap,69
htm,69
mop,69
paste,69
mailing,69
delta,69
fare,69
hotmail,69
liz,68
step,68
making,68
worldwide,68
heidi,68
starting,68
bring,68
trader,68
final,68
enrononline,68
xanax,68
htmlimg,68
purchased,67
tisdale,67
together,67
voice,67
ability,67
ask,67
processing,67
ext,67
understand,67
light,67
valadez,67
lose,67
uncertainty,67
colspan,67
mill,66
force,66
upon,66
balance,66
join,66
role,66
stay,66
relief,66
spring,66
hello,66
certain,66
gain,66
picture,66
men,66
enserch,65
lone,65
intended,65
gtc,65
pathed,65
matter,65
package,65
hesco,65
enough,65
california,65
four,65
compliance,65
pharmacy,65
mckay,64
couple,64
entire,64
benefit,64
tab,64
rest,64
usa,64
meaning,64
agent,64
flowing,64
monitor,64
leave,64
resume,64
panenergy,64
herrera,64
corporate,64
differ,64
knle,64
valium,64
evergreen,63
impact,63
database,63
difference,63
chad,63
white,63
leader,63
publication,63
trevino,62
quantity,62
took,62
hall,62
research,62
paper,62
recent,62
unaccounted,62
success,62
hotel,62
generic,62
eric,61
asap,61
transportation,61
hear,61
reveffo,61
assist,61
neon,61
ca,61
occur,61
receiving,61
distribution,61
simply,61
store,61
half,61
approved,61
dvd,61
ali,61
went,60
average,60
kenneth,60
dan,60
government,60
care,60
moved,60
williams,60
non,60
reduce,60
attention,60
air,60
involve,60
voip,60
corel,60
iit,60
demokritos,60
express,59
richard,59
purpose,59
roll,59
become,59
fast,59
standard,59
medical,59
select,59
charlene,59
encina,59
projection,59
reader,59
macromedia,59
hakemack,58
remaining,58
jill,58
btu,58
yesterday,58
started,58
previously,58
mtr,58
goliad,58
hill,58
holiday,58
enjoy,58
excess,58
ship,58
waiting,58
comment,58
recorded,58
happy,58
instruction,58
target,58
wide,58
federal,58
profit,58
considered,58
child,58
yvette,57
greg,57
troy,57
appreciate,57
morgan,57
determine,57
correctly,57
transition,57
rebecca,57
whether,57
identified,57
existing,57
five,57
representative,57
park,57
land,57
associated,57
listing,57
category,57
copano,57
seek,57
edition,57
draw,57
hanson,56
west,56
mcmills,56
advised,56
london,56
job,56
choose,56
reach,56
ew,56
schneider,55
csikos,55
bellamy,55
resolved,55
kevin,55
safe,55
scheduler,55
though,55
beaty,55
test,55
entry,55
present,55
passed,55
gift,55
turn,55
history,55
prc,55
subscriber,55
avila,54
lower,54
hillary,54
multiple,54
kimberly,54
lead,54
welcome,54
holding,54
print,54
increased,54
county,54
mind,54
interconnect,54
plain,54
cdnow,54
hot,54
shall,54
yes,53
tracked,53
hawkins,53
fine,53
appropriate,53
expired,53
marta,53
format,53
lamadrid,53
pick,53
deliver,53
brandywine,53
mmbtus,53
planning,53
story,53
others,53
assumption,53
seaman,53
heard,53
cd,53
selected,53
financing,53
sex,53
kristen,52
terry,52
pas,52
calling,52
texaco,52
reporting,52
condition,52
certificate,52
daniel,52
adjustment,52
variance,52
national,52
age,52
button,52
sincerely,52
objective,52
lindley,52
remain,51
committed,51
walter,51
kelly,51
respond,51
analysis,51
held,51
according,51
sheet,51
girl,51
paragraph,51
henderson,51
situation,51
est,51
course,51
citibank,51
gulf,51
ago,51
waste,51
hundred,51
worth,51
analyst,51
guarantee,51
shipped,51
respect,51
contains,51
fwd,51
gold,51
featured,51
alt,51
svcs,50
billed,50
respective,50
asking,50
live,50
estimated,50
draft,50
responsible,50
kathy,50
paul,50
bad,50
enterprise,50
wife,50
darial,50
winfree,49
diamond,49
mazowita,49
example,49
maintenance,49
preliminary,49
petroleum,49
rick,49
go,49
fixed,49
station,49
conversation,49
exactly,49
missing,49
usage,49
lake,49
none,49
wholesale,49
tool,49
quote,49
executive,49
running,49
door,49
flash,49
usb,49
submit,48
hplnol,48
match,48
capacity,48
paying,48
common,48
lonestar,48
provider,48
notify,48
instead,48
louisiana,48
nominate,48
discussed,48
various,48
fun,48
europe,48
chairman,48
resolve,48
shown,48
river,48
perfect,48
movie,48
christy,47
happen,47
least,47
gottlob,47
bought,47
kim,47
ricky,47
golf,47
agreed,47
agency,47
column,47
braband,47
advantage,47
foot,47
venturatos,47
grant,47
fat,47
engage,47
royal,47
similar,47
outstanding,46
superty,46
buyer,46
aug,46
texoma,46
villarreal,46
suggestion,46
sending,46
memo,46
wilson,46
street,46
primary,46
assigned,46
invitation,46
registration,46
worksheet,46
mailto,46
along,46
board,46
sap,46
trip,46
policy,46
road,46
known,46
rnd,46
ftar,46
measurement,45
recently,45
placed,45
josey,45
linda,45
jackson,45
near,45
booked,45
ceo,45
tufco,45
mitchell,45
cpr,45
paso,45
lesson,45
privacy,45
nick,45
carry,45
avail,45
effect,45
wed,45
hold,45
presently,45
ooking,45
rolex,45
graphic,45
active,44
met,44
lateral,44
across,44
connor,44
notification,44
archer,44
enronxgate,44
region,44
speed,44
god,44
egmnom,44
conflict,44
summary,44
house,44
connection,44
local,44
expects,44
cross,44
hplr,44
logo,44
anticipated,44
red,44
overnight,44
quarter,44
eileen,43
mack,43
focus,43
came,43
calendar,43
industrials,43
cherry,43
ftworth,43
cartwheel,43
initial,43
indicate,43
summer,43
decision,43
degree,43
involved,43
origination,43
tel,43
goal,43
herein,43
father,43
driver,43
richmond,43
broker,43
car,43
soma,43
vicodin,43
fontfont,43
dow,42
checked,42
warning,42
require,42
appear,42
organization,42
consumer,42
apply,42
glover,42
throughout,42
cell,42
brent,42
brown,42
gave,42
benedict,42
lowest,42
input,42
dell,42
nominates,42
black,42
chief,42
load,42
immediate,42
wait,42
provides,42
notified,42
trademark,42
sec,42
cellpadding,42
gra,42
crosstex,41
sweeney,41
true,41
correction,41
mtbe,41
speckels,41
swift,41
expires,41
decided,41
lon,41
shop,41
baseload,41
accuracy,41
six,41
vaughn,41
bit,41
pep,41
huge,41
exclusive,41
cable,41
jeffrey,40
clean,40
rule,40
finally,40
commodity,40
billion,40
hughes,40
eiben,40
elsa,40
victoria,40
prepared,40
tim,40
quickly,40
far,40
located,40
liquid,40
seller,40
transmission,40
hull,40
southern,40
reliant,40
seen,40
discrepancy,40
urgent,40
purchasing,40
build,40
inform,40
normal,40
sea,40
cilco,40
basin,40
ray,40
deer,40
stand,40
popular,40
wireless,40
export,40
inherent,40
zivley,39
represent,39
guess,39
evening,39
actually,39
crow,39
worked,39
prepare,39
buying,39
llc,39
sun,39
weather,39
managing,39
suggest,39
maybe,39
understood,39
description,39
higher,39
internal,39
edmondson,39
wallis,39
vols,39
bottom,39
gmt,39
affiliate,39
avoid,39
ordering,39
advisor,39
filing,39
design,39
guaranteed,39
ponton,38
decrease,38
san,38
alert,38
ref,38
billing,38
significant,38
selling,38
dallas,38
attend,38
bammel,38
beck,38
concerning,38
shawna,38
previous,38
tournament,38
robin,38
shopping,38
external,38
strategy,38
behind,38
earlier,38
interview,38
behalf,38
participate,38
pressure,38
accept,38
outside,38
single,38
tried,38
limit,38
corrected,38
enhancement,38
digital,38
salary,38
photo,38
sum,38
eel,38
winner,38
cap,38
front,38
itoy,38
joanne,37
percent,37
rev,37
cal,37
procedure,37
master,37
owe,37
sat,37
upgrade,37
briley,37
sheri,37
pool,37
acquisition,37
senior,37
session,37
award,37
law,37
art,37
screen,37
unique,37
sample,37
laptop,37
inch,37
compaq,37
creative,37
leth,37
sexual,37
palestinian,37
harris,36
pre,36
entity,36
connie,36
resulting,36
announced,36
cokinos,36
benoit,36
unless,36
spencer,36
lyondell,36
cindy,36
meredith,36
kyle,36
appears,36
pleased,36
rather,36
charged,36
broadband,36
vice,36
budget,36
joanie,36
split,36
dynegy,36
min,36
pic,36
preparation,36
search,36
otcbb,36
erection,36
studio,36
terminated,35
tri,35
stretch,35
highly,35
debbie,35
flynn,35
dudley,35
shipper,35
announce,35
language,35
waha,35
chris,35
almost,35
aquila,35
kept,35
romeo,35
giving,35
confidential,35
hit,35
talking,35
american,35
transco,35
opm,35
instant,35
solicitation,35
venture,35
generation,35
foreign,35
materia,35
reduction,34
historical,34
tailgate,34
termination,34
post,34
eff,34
developed,34
handling,34
continued,34
talked,34
range,34
extra,34
adjusted,34
port,34
advance,34
greater,34
sabrae,34
parent,34
providing,34
intraday,34
hector,34
completion,34
election,34
island,34
iii,34
spain,34
yap,34
notebook,34
edit,33
looked,33
elizabeth,33
capture,33
among,33
successful,33
shareholder,33
leading,33
reminder,33
ocean,33
school,33
heather,33
luck,33
equity,33
eye,33
licensed,33
adjust,33
equipment,33
approx,33
deadline,33
client,33
telephone,33
cold,33
mineral,33
shari,33
double,33
unable,33
flight,33
indicated,33
ibm,33
invest,33
quit,33
mining,33
molly,32
consemiu,32
seems,32
setting,32
extension,32
brennan,32
rus,32
pathing,32
dth,32
relationship,32
sharon,32
solmonson,32
moving,32
critical,32
ngo,32
sony,32
coupon,32
register,32
juno,32
sound,32
fix,32
mile,32
function,32
documentation,32
premium,32
apr,32
contained,32
pull,32
indicating,32
competitive,32
solid,32
finance,32
minimum,32
miss,32
otc,32
official,32
republic,32
belize,32
canon,32
materially,32
muscle,32
female,32
sofftwaares,32
abdv,32
consent,31
gay,31
nommensen,31
diane,31
baxter,31
reef,31
designed,31
symbol,31
announcement,31
bobby,31
julia,31
cousino,31
knowledge,31
choice,31
wrong,31
stuff,31
specialist,31
usd,31
phillips,31
stephen,31
skill,31
simple,31
closed,31
towards,31
compressor,31
silver,31
hand,31
acceptance,31
rock,31
charset,31
prediction,31
treatment,31
husband,31
anti,31
clearance,31
arial,31
construed,31
replica,31
speculative,31
intel,31
verdana,31
cook,30
peggy,30
except,30
serve,30
building,30
annual,30
banking,30
sarco,30
laura,30
bane,30
bretz,30
urbanek,30
otherwise,30
cart,30
manage,30
tech,30
producing,30
mine,30
pgev,30
griffin,30
largest,30
town,30
log,30
fully,30
martin,30
whatever,30
torch,30
participant,30
membership,30
drilling,30
sean,30
loading,30
positive,30
compensation,30
study,30
garden,30
operational,30
adonis,30
contain,30
ram,30
gotten,30
relation,30
complaint,30
somehow,30
lottery,30
norton,30
heart,30
military,30
expatriate,30
deciding,30
cellspacing,30
pertaining,30
assurance,30
illustrator,30
phentermine,30
toshiba,30
penis,30
hottlist,30
esther,29
austin,29
kathryn,29
leslie,29
deposit,29
davis,29
franklin,29
prod,29
environment,29
midstream,29
ball,29
automatically,29
attachment,29
portion,29
addressed,29
tonight,29
reward,29
floor,29
christmas,29
mcloughlin,29
club,29
blank,29
pager,29
proposal,29
humble,29
intercompany,29
cashout,29
cannon,29
vega,29
intend,29
tommy,29
rich,29
consultation,29
powerful,29
adult,29
epson,29
netherlands,29
apple,29
cia,29
dosage,29
flag,28
handled,28
greif,28
hopefully,28
changing,28
launch,28
improvement,28
mortgage,28
loan,28
darrel,28
sd,28
sdsnom,28
discovered,28
nat,28
organizational,28
continuing,28
header,28
frank,28
writeoff,28
gathered,28
owned,28
forever,28
stated,28
manual,28
selection,28
pretty,28
committee,28
lost,28
la,28
amazon,28
affordable,28
prozac,28
resellers,28
pubiisher,28
resuits,28
viewsonic,28
oem,28
ffffff,28
coordinate,27
bryce,27
likely,27
submitted,27
pulled,27
majeure,27
count,27
kid,27
beemer,27
proposed,27
conference,27
tennessee,27
capability,27
cent,27
european,27
intent,27
garrick,27
dale,27
locker,27
alternative,27
florida,27
exercise,27
australia,27
incorrect,27
attempt,27
tracking,27
apparently,27
distributed,27
understands,27
eddie,27
generated,27
creek,27
bar,27
dewpoint,27
stack,27
bed,27
joint,27
unlimited,27
multi,27
valuable,27
triple,27
battery,27
anywhere,27
advanced,27
highest,27
pleasure,27
anticipates,27
manufacturer,27
tirr,27
darron,26
giron,26
carbide,26
piece,26
reached,26
developing,26
connevey,26
percentage,26
accordingly,26
verified,26
ahead,26
shoreline,26
entering,26
built,26
mips,26
anytime,26
happening,26
reduced,26
modem,26
timing,26
drop,26
conversion,26
cisco,26
winning,26
oba,26
okay,26
payroll,26
human,26
alone,26
valve,26
sleep,26
saw,26
commission,26
craig,26
collection,26
written,26
completely,26
eight,26
topic,26
reservation,26
proprietary,26
son,26
partnership,26
motor,26
self,26
prime,26
royalty,26
campaign,26
patch,26
reliable,26
medicine,26
diligence,26
enquiry,26
jebel,26
legislation,26
congress,26
hewlett,26
robotics,26
africa,26
assuming,25
safety,25
counterparties,25
assume,25
sutton,25
noticed,25
ten,25
processed,25
electricity,25
trisha,25
todd,25
choate,25
allocating,25
mgmt,25
eliminate,25
merchant,25
brazos,25
valued,25
assistant,25
chemical,25
hub,25
particular,25
rusty,25
pvr,25
proper,25
association,25
hassle,25
consider,25
fortune,25
explorer,25
centana,25
obligation,25
eog,25
moshou,25
vicente,25
sarmiento,25
main,25
finding,25
maximum,25
method,25
maintain,25
hospital,25
concerned,25
cody,25
martinez,25
delay,25
often,25
smoking,25
nascar,25
offshore,25
advises,25
fda,25
foresee,25
couid,25
ambien,25
acquire,25
internationa,25
distributorjebel,25
packard,25
iomega,25
aopen,25
apc,25
intellinet,25
targus,25
customerservice,25
discreet,25
secret,25
techlite,25
artprice,25
rolled,24
randall,24
hernandez,24
allows,24
whiting,24
possibly,24
repair,24
killed,24
reviewed,24
absence,24
batch,24
normally,24
covered,24
amy,24
sit,24
tie,24
exact,24
affected,24
larry,24
brad,24
round,24
realize,24
separate,24
forecast,24
charles,24
reflects,24
guide,24
suzanne,24
interface,24
shipment,24
cowboy,24
although,24
detailed,24
drink,24
gap,24
confidentiality,24
reallocate,24
dulce,24
touch,24
gore,24
hate,24
mailbox,24
baby,24
meant,24
offered,24
louis,24
sector,24
tape,24
regulation,24
advertisement,24
den,24
entertainment,24
editor,24
premiere,24
anxiety,24
iso,24
nigeria,24
levitra,24
smart,24
emirate,24
attack,24
accessory,24
setup,23
nathan,23
returned,23
engel,23
forget,23
associate,23
overall,23
jerry,23
sheila,23
bowen,23
tiger,23
lunch,23
gone,23
gregory,23
login,23
lady,23
buddy,23
adam,23
appreciated,23
nelson,23
continues,23
extensive,23
personnel,23
zeroed,23
practice,23
kristin,23
gregg,23
began,23
beach,23
spent,23
rally,23
superior,23
verification,23
easily,23
gate,23
olsen,23
issued,23
reflected,23
education,23
forwarding,23
sort,23
filter,23
spend,23
inside,23
war,23
extremely,23
thus,23
camera,23
fall,23
calgary,23
alpine,23
milwaukee,23
pack,23
expert,23
eb,23
block,23
vlagra,23
atleast,23
undervalued,23
uae,23
compartment,23
spacer,23
noted,22
carriere,22
dawn,22
brought,22
agenda,22
turned,22
especially,22
executed,22
chase,22
produce,22
brief,22
anyway,22
trouble,22
redelivery,22
signature,22
amelia,22
blvd,22
supplier,22
fletcher,22
electronic,22
bid,22
lie,22
regular,22
sometime,22
applicable,22
treated,22
accomplish,22
reallocated,22
consistent,22
communicate,22
till,22
living,22
blue,22
approve,22
requesting,22
length,22
prospect,22
delivering,22
presentation,22
confidence,22
ecf,22
learning,22
putting,22
agua,22
released,22
negotiation,22
obtain,22
samson,22
lease,22
burn,22
te,22
raise,22
dreyfus,22
lucky,22
aid,22
win,22
indianapolis,22
bonus,22
controller,22
reliance,22
expensive,22
explode,22
memory,22
forth,22
device,22
amazing,22
cat,22
technoiogies,22
biosphere,22
zonedubai,22
aeor,22
fontbr,22
ffffffstrongfont,22
bingo,22
duplicate,21
anderson,21
severson,21
samuel,21
experienced,21
creating,21
tier,21
owns,21
platform,21
alland,21
os,21
vintage,21
originally,21
spl,21
fcv,21
harrison,21
griffith,21
grow,21
dorcheus,21
weekly,21
rental,21
buck,21
catherine,21
max,21
identify,21
egpfc,21
congratulation,21
sponsor,21
death,21
moment,21
formosa,21
staffing,21
lenart,21
failure,21
affect,21
song,21
clicking,21
guest,21
scada,21
default,21
fri,21
unfortunately,21
pending,21
installed,21
zajac,21
reviewer,21
truly,21
tue,21
community,21
negative,21
explore,21
focused,21
license,21
variety,21
kenny,21
heavy,21
protocol,21
isc,21
assured,21
microcap,21
indicative,21
sir,21
ail,21
serial,21
regalis,21
israeli,21
buckley,20
hlavaty,20
wayne,20
applied,20
neither,20
cordes,20
steven,20
vol,20
southwest,20
contractual,20
improve,20
traded,20
org,20
busy,20
unresolved,20
wester,20
jefferson,20
joe,20
enronavailso,20
causing,20
suggested,20
cove,20
smi,20
helpful,20
douglas,20
develop,20
exciting,20
merger,20
contacted,20
hunter,20
joan,20
delete,20
hesitate,20
seven,20
fear,20
easier,20
redelivered,20
greatest,20
patricia,20
preference,20
formation,20
structure,20
increasing,20
phillip,20
somewhere,20
authority,20
progress,20
happened,20
speak,20
visual,20
drill,20
asp,20
offset,20
noon,20
admin,20
properly,20
audit,20
accurate,20
shot,20
fit,20
eex,20
crisis,20
coffey,20
winter,20
allowing,20
desire,20
break,20
saying,20
wil,20
administration,20
luther,20
offsystem,20
evaluation,20
bulk,20
becky,20
wild,20
dating,20
season,20
fire,20
caribbean,20
judge,20
restricted,20
died,20
competition,20
protection,20
protect,20
thorough,20
emotional,20
und,20
earnings,20
explosion,20
stream,20
boy,20
zyban,20
imited,20
depressant,20
adipren,20
euro,20
kin,20
paypal,20
pharmaceutical,20
bottle,20
macintosh,20
sans,20
compendia,20
acre,20
elli,19
produced,19
felipe,19
dianne,19
economy,19
facilitate,19
hilcorp,19
priority,19
holly,19
thompson,19
kingwood,19
terminate,19
incorrectly,19
lyon,19
ended,19
caused,19
ifhsc,19
spinnaker,19
appeared,19
marlene,19
hilliard,19
sam,19
skin,19
hurry,19
bass,19
implementation,19
us,19
row,19
combination,19
commitment,19
technical,19
angeles,19
gateway,19
thinking,19
acock,19
audio,19
url,19
graham,19
correspondence,19
measure,19
reside,19
distribute,19
prayer,19
sordo,19
hm,19
driscoll,19
ice,19
flavin,19
willing,19
chinese,19
eat,19
collect,19
denver,19
heinrich,19
pilot,19
parking,19
marshall,19
aspect,19
missed,19
auction,19
appointment,19
carla,19
space,19
square,19
mjg,19
destination,19
accepted,19
mime,19
iwon,19
accrual,19
resolution,19
twenty,19
lock,19
incredible,19
los,19
published,19
tip,19
environmental,19
penny,19
allergy,19
plug,19
bankruptcy,19
bias,19
bronco,19
genuine,19
ion,19
adapter,19
catalogue,19
dose,19
proletariat,19
wagner,18
reid,18
hansen,18
kenne,18
fosdick,18
seem,18
represents,18
differently,18
payne,18
palmer,18
faye,18
engineer,18
validation,18
balfour,18
electric,18
patience,18
infrastructure,18
leadership,18
growing,18
ranking,18
auto,18
olson,18
sullivan,18
negotiated,18
knox,18
difficult,18
display,18
refinery,18
beyond,18
rodessa,18
dated,18
bav,18
relating,18
rhonda,18
jason,18
expressed,18
sooner,18
clickathome,18
rom,18
led,18
hoop,18
tour,18
lay,18
msn,18
invoiced,18
schwarz,18
segment,18
direction,18
western,18
bush,18
colorado,18
obtained,18
connect,18
norma,18
hpll,18
totally,18
contribution,18
jack,18
tongue,18
economics,18
thompsonville,18
background,18
physician,18
hr,18
nice,18
accountant,18
glad,18
checking,18
monica,18
filled,18
expiration,18
formerly,18
shankster,18
blood,18
vary,18
manner,18
transferred,18
subscription,18
ascii,18
decide,18
regulatory,18
prove,18
orleans,18
bye,18
clay,18
english,18
brother,18
arm,18
economic,18
political,18
silicon,18
estate,18
ton,18
farm,18
opt,18
turbotax,18
massive,18
aggressive,18
appetite,18
therein,18
constitutes,18
shale,18
meridia,18
lotto,18
comic,18
mnei,18
cheapest,18
miningnews,18
profiled,18
explosive,18
cognitive,18
workshop,18
kenton,18
speedway,18
dcenterfont,18
smoke,18
trailer,18
feed,17
lack,17
supposed,17
dana,17
sever,17
sylvia,17
york,17
delivers,17
camden,17
copied,17
leaving,17
basketball,17
dutch,17
maria,17
moscoso,17
patti,17
oak,17
cc,17
usually,17
remainder,17
clarification,17
remains,17
manually,17
tee,17
maker,17
reducing,17
joining,17
completing,17
crude,17
bringing,17
kinder,17
experiencing,17
saxet,17
inlet,17
matt,17
millennium,17
participation,17
shortly,17
magazine,17
hotline,17
attl,17
payable,17
adding,17
karry,17
scribner,17
imagine,17
achieve,17
residue,17
planned,17
mao,17
toni,17
expanded,17
flexible,17
strictly,17
menu,17
mutual,17
candidate,17
dinner,17
hgm,17
upcoming,17
finished,17
jennings,17
guadalupe,17
bridgeline,17
locate,17
assign,17
breaking,17
explanation,17
tag,17
folk,17
keeping,17
hence,17
carefully,17
compare,17
biggest,17
turnaround,17
baytown,17
disease,17
roos,17
former,17
edu,17
mason,17
sick,17
cottonwood,17
metal,17
celebration,17
secured,17
cruise,17
swamp,17
contractor,17
comfort,17
afloat,17
router,17
seasonal,17
tired,17
newsietter,17
omit,17
verge,17
piease,17
cautioned,17
vioxx,17
architect,17
adipex,17
tramadol,17
cartoon,17
ebay,17
reform,17
beman,17
bramble,17
montana,17
encoding,17
injury,17
li,17
superb,17
buoy,17
lls,17
soldier,17
vous,17
godparent,17
saloonkeep,17
metabole,17
lightfoot,16
perkins,16
posted,16
income,16
receivables,16
ward,16
bev,16
administrative,16
dropped,16
upstream,16
van,16
bowl,16
explain,16
kam,16
showed,16
expire,16
indicates,16
determined,16
dick,16
absolutely,16
mon,16
congratulate,16
beth,16
richardson,16
souza,16
neuner,16
receives,16
sport,16
passport,16
breakout,16
praxair,16
mouse,16
del,16
balanced,16
performing,16
golden,16
enable,16
convenient,16
rob,16
audience,16
moody,16
introduce,16
efficient,16
ground,16
factual,16
poem,16
odd,16
allowed,16
improved,16
writing,16
specifically,16
ferc,16
deficiency,16
greatly,16
confusion,16
re,16
janzen,16
church,16
married,16
anniversary,16
deserve,16
recommendation,16
boat,16
pigging,16
pocket,16
prick,16
ownership,16
ots,16
roster,16
affair,16
rac,16
amoco,16
headed,16
install,16
bold,16
strategic,16
slow,16
trust,16
migration,16
dial,16
departure,16
mke,16
columbiagas,16
ballot,16
trial,16
gov,16
edmund,16
nearly,16
gorons,16
emma,16
qualify,16
tank,16
revolutionary,16
mother,16
profound,16
impossible,16
barnett,16
chain,16
strongly,16
integrate,16
ffo,16
patented,16
announces,16
beneficiary,16
burdock,16
dent,16
paxil,16
dieting,16
hydrocodone,16
porn,16
packaging,16
broomcorn,16
statesman,16
crankcase,16
canopy,16
appall,16
cryptogram,16
mogi,16
cavern,16
enlargement,16
nax,16
respecter,16
dcenter,16
amp,16
biochemic,16
roxanne,16
continuo,16
zimbabwe,16
baseboard,16
chandelier,16
tradestar,16
thruway,16
cloudburst,16
loudspeaker,16
gallantry,16
huntley,16
cyclist,16
demagnify,16
quasar,16
boatload,16
anger,16
regardless,15
convenience,15
sanchez,15
mclarney,15
hedstrom,15
stevens,15
edi,15
mention,15
jersey,15
pond,15
larger,15
explained,15
subsidiary,15
shared,15
stacy,15
moore,15
harder,15
eugenio,15
perez,15
sorenson,15
westmoreland,15
dry,15
cinergy,15
supervisor,15
powell,15
quite,15
nine,15
mmcf,15
loop,15
dept,15
expansion,15
presence,15
elected,15
testing,15
carol,15
blay,15
tara,15
tune,15
shirt,15
refer,15
requires,15
checkout,15
jody,15
rolling,15
usual,15
dupont,15
familiar,15
signed,15
wholly,15
possibility,15
unknown,15
mcfd,15
faster,15
helping,15
airline,15
pge,15
restriction,15
edge,15
pound,15
brain,15
sometimes,15
core,15
essential,15
sustained,15
ring,15
jacqueline,15
alex,15
perform,15
shortage,15
blanchard,15
movement,15
whose,15
rangel,15
streaming,15
favorite,15
feeling,15
recap,15
pleus,15
definitely,15
meantime,15
redraft,15
payback,15
dedicated,15
college,15
university,15
mcconnell,15
hearing,15
series,15
electrical,15
cleco,15
satisfactory,15
proceed,15
enhanced,15
hydrocarbon,15
barbara,15
ordered,15
finalize,15
relative,15
dba,15
reserved,15
knew,15
yanowski,15
carter,15
linked,15
encourage,15
opening,15
formula,15
establish,15
amended,15
jake,15
peak,15
brokered,15
pure,15
pan,15
dog,15
matthew,15
television,15
outlook,15
lubrizol,15
reading,15
doubt,15
operate,15
antivirus,15
persistent,15
litigation,15
gordon,15
insurance,15
yard,15
tree,15
mix,15
annually,15
submission,15
parrot,15
ingredient,15
gaming,15
emerging,15
span,15
anbsp,15
deficit,15
wiil,15
emai,15
discrete,15
lieutenant,15
virus,15
killer,15
completeness,15
pagemaker,15
mr,15
amsterdam,15
boost,15
fioricet,15
nationa,15
copper,15
shove,15
steppe,15
legacy,15
abhorred,15
extravaganza,15
float,15
clobber,15
brbr,15
gissin,15
gaza,15
washbowl,15
heretofore,15
twit,15
committeeman,15
osborn,15
dreamwaver,15
cradle,15
enfant,15
platelet,15
conciliatory,15
confront,15
bamako,15
degeneracy,15
gatekeep,15
choral,15
biota,15
mesmeric,15
refurb,15
dovekie,15
debacle,15
buzzing,15
embargo,15
charybdis,15
myrrh,15
bleed,15
happenstance,15
influential,15
defensive,15
canaan,15
nitrate,15
unchristian,15
bender,15
perforate,15
dupe,15
vandenberg,15
rascal,15
campos,14
unauthorized,14
hadix,14
hardy,14
protected,14
playing,14
disregard,14
gossett,14
described,14
modify,14
minhplno,14
pine,14
estimating,14
highlighted,14
chamber,14
nancy,14
worse,14
sandy,14
prompt,14
expand,14
coverage,14
joined,14
temporary,14
appreciation,14
flat,14
prohibited,14
recipient,14
corpus,14
hardware,14
desktop,14
portland,14
finalized,14
bus,14
everyday,14
phoned,14
wall,14
difficulty,14
jay,14
asia,14
christopher,14
bennett,14
kendall,14
pulp,14
replace,14
initially,14
redmond,14
revise,14
inquiry,14
catch,14
svajian,14
teach,14
ina,14
peter,14
cleared,14
listen,14
cool,14
galveston,14
enronoptions,14
contacting,14
ronald,14
student,14
becomes,14
revealed,14
woodland,14
approach,14
teen,14
machine,14
gerald,14
resort,14
conoco,14
sugar,14
cole,14
whenever,14
prefer,14
earth,14
designated,14
aep,14
fed,14
walk,14
rating,14
excellent,14
insure,14
enhance,14
afford,14
drilled,14
garrison,14
permanent,14
minimal,14
convert,14
friendly,14
eugene,14
excite,14
citgo,14
matching,14
thirty,14
cooperation,14
furthermore,14
arrow,14
coal,14
washington,14
gm,14
santa,14
riverside,14
horoscope,14
earn,14
prevented,14
warranty,14
attractive,14
ionaalphonso,14
beauty,14
ad,14
egf,14
switch,14
connected,14
hosting,14
interpretation,14
integrated,14
tablet,14
discover,14
debt,14
confrere,14
specially,14
circulation,14
anonymous,14
ambulate,14
spyware,14
generating,14
apace,14
cholesterol,14
propecia,14
satisfaction,14
ortho,14
degradation,14
hayward,14
dashboard,14
oniine,14
male,14
dhttp,14
casino,14
mbps,14
removal,14
yea,14
durrell,14
firework,14
lighting,14
emerson,14
sacrifice,14
pgp,14
azimuthal,14
hgh,14
calculable,14
debug,14
gecko,14
vera,14
credential,14
sprang,14
nave,14
cockcrow,14
dang,14
wifi,14
acquisitive,14
bridegroom,14
irremovable,14
batchelder,14
tampon,14
crib,14
banister,14
euridyce,14
kinesic,14
togs,14
amorous,14
startle,14
novelty,14
furnace,14
redhead,14
onlook,14
wink,14
chummy,14
scrap,14
chalcocite,14
prosaic,14
needham,14
curricular,14
portugal,14
involving,13
chart,13
pinion,13
daigle,13
karie,13
flanagan,13
gisb,13
intelligent,13
conner,13
directory,13
heath,13
keiser,13
directed,13
lynn,13
clarify,13
mcnic,13
downstream,13
affecting,13
daughter,13
michelle,13
congratulating,13
replacement,13
calculation,13
nomed,13
spending,13
ferry,13
generally,13
scotty,13
klein,13
mexico,13
cancelled,13
reviewing,13
margin,13
disclose,13
corresponding,13
anticipate,13
ran,13
labor,13
defs,13
bachelor,13
race,13
forest,13
lorraine,13
referring,13
eligible,13
grand,13
challenge,13
lilly,13
miller,13
christine,13
germany,13
northeast,13
consultant,13
operator,13
strength,13
task,13
postal,13
arrive,13
career,13
anymore,13
sarah,13
viewing,13
cycle,13
seeing,13
expecting,13
maintaining,13
comparison,13
transported,13
domestic,13
ongoing,13
prevent,13
no,13
isp,13
penalty,13
mailed,13
reproduction,13
incremental,13
settelement,13
recommend,13
lacy,13
eogresources,13
mcmullen,13
treat,13
patient,13
highlight,13
begun,13
columbus,13
indutrial,13
ryan,13
tied,13
technique,13
independent,13
bear,13
lal,13
map,13
equal,13
fresh,13
unpathed,13
rep,13
complimentary,13
roger,13
ngpl,13
constitute,13
shift,13
equivalent,13
communicated,13
gen,13
dont,13
beautiful,13
wind,13
unmetered,13
spa,13
volatile,13
decade,13
exceed,13
proven,13
trivia,13
sand,13
toronto,13
advertising,13
division,13
jimmy,13
qualified,13
bone,13
outlet,13
sirius,13
medica,13
inciuding,13
continuous,13
undue,13
lipitor,13
affiliated,13
weightloss,13
impotence,13
ware,13
con,13
ave,13
val,13
foreigner,13
rainbow,13
trtd,13
tdtd,13
infection,13
cum,13
identity,13
dtomi,13
de,13
itec,13
tariff,13
polemic,13
invidious,13
stipulate,13
earthquake,13
brendan,13
quirt,13
cochrane,13
thelma,13
massey,13
cranium,13
pluperfect,13
stumpage,13
tonk,13
yokel,13
theta,13
mig,13
pilewort,13
hendricks,13
sri,13
denture,13
polymerase,13
darpa,13
earliest,12
carrie,12
swiber,12
hastings,12
regina,12
imelda,12
frayre,12
speaking,12
srm,12
armstrong,12
wire,12
upset,12
frame,12
jane,12
attending,12
cantrell,12
effectively,12
initiative,12
intra,12
bypass,12
dora,12
irena,12
hogan,12
janice,12
garcia,12
angie,12
faxed,12
easter,12
haley,12
stivers,12
midtex,12
juliann,12
theresa,12
phase,12
coast,12
expanding,12
gross,12
stuart,12
doug,12
lift,12
stress,12
sep,12
voicemail,12
tor,12
andrew,12
lewis,12
philippe,12
recieve,12
conclusion,12
covering,12
named,12
sender,12
patsy,12
controlled,12
excited,12
basic,12
disk,12
innovative,12
accordance,12
provision,12
politician,12
chair,12
mcgee,12
allocates,12
overview,12
commerce,12
columbia,12
costilla,12
saudi,12
fox,12
kris,12
pair,12
spec,12
automated,12
spinner,12
containing,12
nation,12
serious,12
indian,12
apologize,12
uhc,12
rodney,12
robinson,12
conditioning,12
supporting,12
helmerich,12
strange,12
twice,12
functionality,12
clearing,12
inactive,12
tonya,12
settle,12
oxy,12
prom,12
smtp,12
hunt,12
solve,12
seeking,12
sql,12
dead,12
fisher,12
cast,12
radio,12
exit,12
gray,12
surprise,12
sky,12
deduction,12
bandwidth,12
continent,12
consideration,12
carrier,12
scale,12
generate,12
mass,12
coral,12
author,12
liquidation,12
anybody,12
sabine,12
bay,12
japan,12
ultimate,12
rank,12
defense,12
pour,12
par,12
profitable,12
croatia,12
compared,12
jump,12
bird,12
harassment,12
india,12
entergy,12
unsubscription,12
auditor,12
invoive,12
micro,12
barcelona,12
relaxant,12
abdominal,12
as,12
viking,12
loo,12
delphi,12
ypil,12
technoiogy,12
science,12
orgasm,12
boulevard,12
madam,12
xga,12
multimedia,12
adobbe,12
xph,12
mor,12
centerfont,12
acrobat,12
aged,12
prolific,12
istorage,12
cdyv,12
getitbest,12
alisave,12
insight,11
wardle,11
sense,11
recommended,11
decatherms,11
backed,11
ride,11
brant,11
chuck,11
newly,11
danny,11
erms,11
hawaii,11
levy,11
broken,11
tricia,11
resulted,11
downtown,11
rose,11
mtg,11
overflow,11
fan,11
melba,11
promise,11
majorwitz,11
aside,11
momentum,11
bidweek,11
gosnell,11
wondering,11
whomever,11
crook,11
forster,11
became,11
staying,11
termed,11
figure,11
subsequent,11
hurt,11
complex,11
hair,11
vastar,11
midnight,11
edith,11
cox,11
rapid,11
baker,11
garza,11
closely,11
pulling,11
clarkston,11
proud,11
instance,11
earned,11
chevron,11
commence,11
trend,11
couvillon,11
counter,11
crew,11
angela,11
followed,11
honest,11
rider,11
alive,11
matrix,11
dscottl,11
tomcat,11
anadarko,11
purchaser,11
midlothian,11
mick,11
concept,11
pooling,11
attach,11
extent,11
slot,11
ben,11
cummings,11
healthcare,11
raised,11
confused,11
curve,11
mad,11
octane,11
marlin,11
acting,11
hourly,11
host,11
article,11
tackett,11
abacustech,11
arrange,11
alpha,11
ruth,11
diabetes,11
perhaps,11
circulating,11
forced,11
wagstaff,11
demanding,11
scroll,11
rice,11
mailman,11
multipart,11
carried,11
suspended,11
sitting,11
recovery,11
conducting,11
beneficial,11
copyright,11
som,11
bigger,11
limitation,11
newpower,11
wit,11
coordinator,11
distance,11
acquired,11
mailer,11
luis,11
worry,11
minnesota,11
seminar,11
combine,11
cancer,11
insider,11
underway,11
sur,11
cry,11
mane,11
clerk,11
earning,11
edison,11
established,11
meritenergy,11
diet,11
meta,11
rowspan,11
refill,11
medic,11
ine,11
exciusive,11
piaced,11
additiona,11
ose,11
misleading,11
acheive,11
discloses,11
compensated,11
stake,11
unclaimed,11
tadalafil,11
alcohol,11
moderate,11
deposited,11
dia,11
nomad,11
actua,11
trusted,11
wel,11
ill,11
platinum,11
nathaniel,11
xanaax,11
stupid,11
weapon,11
retrofit,11
lender,11
multilanguage,11
cartier,11
iagra,11
simulator,11
ccffo,11
cigarette,11
xan,11
omega,11
audition,11
keno,11
cwtd,11
atlantis,11
lauraan,11
telecom,11
fffbf,11
huahao,11
generlc,11
geec,11
bvjkiu,11
hellosoft,11
lqgcibz,11
martha,10
eventually,10
blow,10
cyndie,10
brackett,10
confusing,10
gough,10
projecting,10
consolidate,10
successfully,10
printing,10
folder,10
paged,10
stingray,10
cameron,10
sweet,10
occurred,10
afraid,10
shona,10
confirming,10
tulsa,10
spark,10
carey,10
stage,10
judy,10
displayed,10
push,10
cummins,10
delhi,10
pgtt,10
kemp,10
denny,10
cutting,10
historically,10
pasadena,10
nowlan,10
execution,10
friedman,10
lamay,10
exe,10
tony,10
lozano,10
stewart,10
conjunction,10
regulated,10
sunsail,10
sailing,10
quarterly,10
ending,10
interim,10
illinois,10
christi,10
permit,10
grew,10
talent,10
hoopitup,10
fight,10
shape,10
nobody,10
launched,10
firewall,10
depending,10
dennis,10
wealth,10
straight,10
rise,10
dvn,10
oklahoma,10
arabia,10
champion,10
kponton,10
fail,10
allocatable,10
smaller,10
kit,10
rare,10
tillison,10
marketer,10
assessment,10
functional,10
guideline,10
inclusive,10
installation,10
commenced,10
forgot,10
exempt,10
lehman,10
aforementioned,10
ron,10
daddy,10
belong,10
reed,10
gonzales,10
phoenix,10
carl,10
sends,10
trey,10
withdrawal,10
turbine,10
falbaum,10
borland,10
useful,10
excel,10
peyton,10
plenty,10
avg,10
consequently,10
pursuant,10
pioneer,10
cpi,10
dad,10
itinerary,10
passenger,10
generates,10
finish,10
tight,10
utilizing,10
powder,10
lb,10
captured,10
anna,10
comfortable,10
truth,10
chat,10
cancel,10
lane,10
timeline,10
inconvenience,10
vision,10
managed,10
burchfield,10
ideal,10
sybase,10
bag,10
boudar,10
fifty,10
haden,10
exists,10
permissible,10
highland,10
crack,10
downtime,10
altra,10
measured,10
depth,10
boundary,10
disclaimer,10
lump,10
solely,10
lifetime,10
cleanup,10
interstate,10
custody,10
alfonso,10
conclude,10
expression,10
typically,10
spread,10
funny,10
attorney,10
quicker,10
gem,10
licarione,10
formal,10
journal,10
eagle,10
orig,10
rebekah,10
seales,10
deep,10
water,10
wise,10
tennis,10
keyboard,10
drawn,10
shannon,10
remote,10
francisco,10
apology,10
awarded,10
portable,10
aim,10
mom,10
sole,10
investigation,10
funding,10
psalm,10
retain,10
brokerage,10
grade,10
script,10
claiming,10
conducted,10
engine,10
emission,10
satisfied,10
purpa,10
danger,10
element,10
publishing,10
laid,10
society,10
developer,10
comprehensive,10
mega,10
believed,10
parallel,10
ink,10
laser,10
ment,10
shouid,10
fiiings,10
sectionl,10
disposal,10
celebrex,10
ddsr,10
fraud,10
headache,10
hier,10
xenical,10
ultram,10
pink,10
pubiication,10
asylum,10
shlpp,10
pil,10
rem,10
materialiy,10
beiieves,10
mai,10
ecourse,10
suspension,10
networking,10
canvas,10
embarrassment,10
ium,10
habit,10
acy,10
vir,10
hamas,10
fatah,10
mortar,10
schoolyard,10
exploded,10
fired,10
nominal,10
partid,10
refinance,10
shaped,10
traffic,10
cdrw,10
tbody,10
darialfont,10
depression,10
dream,10
udve,10
guyana,10
wamu,10
explicit,10
sexy,10
mature,10
eogi,10
lefta,10
bractive,10
brrating,10
htmlview,10
da,10
basetxt,10
spanbr,10
une,10
fbgo,10
congratulatory,10
kwbt,10
lotus,9
ranger,9
kri,9
sharma,9
caution,9
locked,9
bounce,9
pad,9
app,9
harmon,9
commonwealth,9
klussmann,9
leak,9
closure,9
belongs,9
globe,9
bubert,9
chantelle,9
breakdown,9
researched,9
charging,9
loving,9
renegotiated,9
assumed,9
answered,9
balancing,9
sterling,9
subscribe,9
ctr,9
registering,9
cipco,9
watching,9
component,9
inter,9
shawn,9
minus,9
retroactive,9
camille,9
marilyn,9
hare,9
gilbert,9
andrea,9
numerous,9
presented,9
actualized,9
bayer,9
geologist,9
nowadays,9
introducing,9
gentleman,9
pls,9
contribute,9
achievement,9
played,9
recruiting,9
excuse,9
slim,9
coaching,9
dwight,9
vest,9
interesting,9
shrinkage,9
frontera,9
dietrich,9
joseph,9
delainey,9
accomplishment,9
canadian,9
louise,9
kitchen,9
kinsey,9
assisting,9
favor,9
combined,9
taught,9
shuler,9
visiting,9
merit,9
municipal,9
district,9
spoken,9
ccgm,9
foundation,9
implement,9
vic,9
urge,9
remind,9
retrieve,9
artist,9
gun,9
queen,9
intention,9
lined,9
dobb,9
stating,9
agrees,9
hyvl,9
substantial,9
rogers,9
cologne,9
volatility,9
food,9
hodges,9
duane,9
flex,9
preparing,9
loaded,9
blevins,9
compiled,9
exxonmobil,9
generator,9
desired,9
owes,9
salt,9
purge,9
truck,9
shane,9
bet,9
saldivar,9
omaha,9
dealing,9
empty,9
jlshankster,9
equiva,9
ratnala,9
francis,9
impacted,9
liberty,9
jul,9
blast,9
prelim,9
approximate,9
keith,9
discretion,9
becoming,9
assure,9
rtu,9
echterhoff,9
suspect,9
hoff,9
differential,9
paperwork,9
interconnects,9
sized,9
pin,9
hole,9
injection,9
pete,9
smooth,9
wheeler,9
deaton,9
recognize,9
terminal,9
forgotten,9
wimberley,9
pen,9
airport,9
impression,9
significantly,9
gloria,9
execute,9
questionnaire,9
zapata,9
hisd,9
andy,9
majure,9
dispute,9
conduct,9
competitor,9
abel,9
atlanta,9
throw,9
court,9
cnn,9
nbc,9
encouraged,9
outline,9
yore,9
resident,9
debate,9
remained,9
toward,9
integrity,9
claimed,9
poor,9
wrote,9
referred,9
fantastic,9
wyndham,9
crown,9
laporte,9
instrument,9
liability,9
cliff,9
audrey,9
soignet,9
random,9
lifestyle,9
promotional,9
awhile,9
davy,9
await,9
attract,9
consult,9
cecilia,9
dolphin,9
burning,9
visa,9
maya,9
paycheck,9
applicant,9
inexpensive,9
youth,9
virtual,9
artwork,9
architecture,9
sensitive,9
caffeine,9
searching,9
iron,9
equiv,9
transforming,9
historica,9
webcam,9
remitted,9
projected,9
backlog,9
spokesman,9
cinm,9
autodesk,9
metabolic,9
esteem,9
hacking,9
cock,9
trick,9
ejrhxw,9
diverse,9
miliennium,9
priice,9
ooo,9
alberta,9
british,9
alias,9
conquer,9
elgin,9
russia,9
currentiy,9
favorable,9
bell,9
sylvan,9
abiiity,9
wow,9
output,9
nd,9
agra,9
protects,9
vallum,9
medz,9
computing,9
uacp,9
pfont,9
mpeg,9
accepting,9
hook,9
awesome,9
citizensr,9
derm,9
clock,9
hormone,9
province,9
quark,9
trtrtd,9
notebookplus,9
bundle,9
bra,9
wor,9
xual,9
ire,9
shi,9
bequest,9
cma,9
iogn,9
casing,9
vente,9
madras,9
meson,9
mitosis,9
quadrant,9
salaam,9
flatulent,9
seadrift,8
object,8
residential,8
assessed,8
bussell,8
hollomon,8
invalidate,8
interruptible,8
invoicing,8
reimburse,8
startup,8
nationwide,8
branch,8
consolidation,8
operates,8
copanos,8
monitoring,8
crazy,8
villanueva,8
ford,8
christina,8
emv,8
riesz,8
ctprty,8
pamela,8
chuckle,8
deboisblanc,8
midpoint,8
flexibility,8
tgc,8
organized,8
pacific,8
plastic,8
beard,8
jaime,8
sharp,8
anne,8
bradley,8
lambert,8
theriot,8
keystone,8
timely,8
fairway,8
thanksgiving,8
catalog,8
copying,8
disclosure,8
returning,8
strip,8
lockhart,8
processor,8
targeted,8
horse,8
mistake,8
bayou,8
identifying,8
army,8
harold,8
corner,8
sukaly,8
jon,8
patrick,8
shankman,8
yates,8
creation,8
lavorato,8
succeed,8
marketplace,8
conservative,8
effected,8
respectively,8
mitcham,8
maritta,8
mullet,8
kerry,8
healthy,8
importance,8
behavior,8
rain,8
completes,8
credited,8
schwieger,8
barry,8
negotiate,8
confident,8
merry,8
aging,8
happens,8
bulletin,8
subscribed,8
hat,8
modified,8
calvert,8
dress,8
confess,8
lord,8
essentially,8
hint,8
kerr,8
lng,8
dew,8
hedge,8
decreased,8
chapman,8
incurred,8
certified,8
evelyn,8
cellular,8
relate,8
cocavessis,8
premature,8
filling,8
clickathomepilot,8
nichols,8
quoted,8
rcs,8
felt,8
mdq,8
damage,8
detect,8
standby,8
technician,8
webb,8
cola,8
numbered,8
substance,8
classic,8
greeting,8
camlem,8
hess,8
barrett,8
yellow,8
accomplished,8
subsequently,8
kill,8
careful,8
cure,8
complication,8
enjoyed,8
wood,8
recognized,8
arise,8
dimension,8
principal,8
onto,8
fourth,8
ratification,8
easement,8
donnie,8
heller,8
intends,8
lutz,8
wanting,8
logon,8
shortcut,8
temporarily,8
bayport,8
transmitted,8
telecommunication,8
leverage,8
relevant,8
ashley,8
earthlink,8
born,8
grab,8
adventure,8
shake,8
fte,8
appropriately,8
nasd,8
ethane,8
petr,8
uribe,8
tested,8
abc,8
customized,8
valdes,8
sonat,8
broad,8
pursue,8
whalley,8
heat,8
museum,8
glass,8
nashville,8
permitted,8
lawrence,8
seemed,8
overseas,8
newspaper,8
reported,8
cbs,8
inbox,8
opened,8
representation,8
pitre,8
attraction,8
versus,8
steel,8
greene,8
hgpl,8
charity,8
swap,8
backup,8
compete,8
packed,8
traveler,8
supported,8
vancouver,8
ann,8
trace,8
accumulated,8
hottest,8
vendor,8
incomplete,8
structuring,8
integration,8
blockbuster,8
upper,8
closing,8
noting,8
possession,8
ally,8
rid,8
drew,8
laugh,8
intuit,8
obtaining,8
sierra,8
brandee,8
grandma,8
hood,8
buried,8
sherry,8
bug,8
origin,8
primarily,8
adios,8
caught,8
killing,8
turning,8
coordinated,8
padre,8
tgp,8
absolute,8
ease,8
planet,8
carolina,8
intelligence,8
attn,8
executing,8
courtesy,8
agricultural,8
goodbye,8
netscape,8
context,8
compatible,8
capsule,8
traditional,8
cgi,8
bin,8
rig,8
inflatables,8
bci,8
presc,8
goais,8
inciude,8
exampies,8
pubiic,8
lagos,8
fedex,8
unwanted,8
buspar,8
diflucan,8
dreamweaver,8
remittance,8
von,8
calorized,8
suppresses,8
carisoprodol,8
ativan,8
burst,8
niche,8
broadcasting,8
baron,8
aiso,8
reiease,8
deluxe,8
abuse,8
pet,8
karpenkov,8
wouid,8
cheaper,8
ing,8
approximateiy,8
potentia,8
stamen,8
wildfire,8
soar,8
ar,8
consignment,8
biel,8
kong,8
fancy,8
ghz,8
ore,8
vault,8
cheating,8
tion,8
productive,8
violence,8
wildest,8
wlndows,8
aoa,8
burp,8
enlarge,8
uauthorize,8
durable,8
incident,8
sildenafil,8
citrate,8
troop,8
egypt,8
israel,8
chaplaincy,8
veteran,8
eur,8
softtabs,8
sleeping,8
pcmcia,8
saf,8
spe,8
reas,8
tras,8
kno,8
expe,8
rien,8
ppin,8
hin,8
ural,8
thr,8
wein,8
sub,8
babe,8
dir,8
naked,8
adware,8
scsi,8
refurbished,8
erhc,8
genex,8
pekisko,8
nt,8
hstj,8
relaxation,8
leaden,8
aoffa,8
tiered,7
attempting,7
seib,7
hunaid,7
larrissa,7
proof,7
dun,7
trigger,7
elwood,7
accommodate,7
majority,7
scarborough,7
mbd,7
es,7
efficiency,7
institution,7
lou,7
effectiveness,7
chip,7
suppose,7
quigley,7
sandoval,7
comello,7
edited,7
kellie,7
contr,7
versen,7
alvin,7
jesse,7
maynard,7
supplied,7
communicating,7
ernie,7
enronavailsl,7
scenario,7
occurs,7
perfectly,7
heatherloch,7
yeah,7
oliver,7
cathy,7
crystal,7
enroll,7
safely,7
perspective,7
nature,7
reschedule,7
maximize,7
emphasis,7
randy,7
delma,7
salazar,7
rusk,7
anthony,7
winston,7
torrey,7
moorer,7
travis,7
sleeve,7
merchandise,7
jordan,7
comstock,7
brazoria,7
cdp,7
recall,7
england,7
shimek,7
diligent,7
panther,7
helped,7
considering,7
beer,7
gambling,7
inventory,7
ranked,7
wassup,7
rough,7
volumetric,7
driving,7
mess,7
candy,7
forty,7
stopped,7
revising,7
shore,7
updating,7
pma,7
strike,7
thresa,7
curry,7
shelley,7
intern,7
azurix,7
lawyer,7
sandra,7
reconcile,7
promoted,7
served,7
obvious,7
nominating,7
accurately,7
demonstrate,7
jenuwine,7
quickenloans,7
ups,7
personally,7
closer,7
diedrich,7
elliott,7
prentice,7
roper,7
purch,7
rsvp,7
arthur,7
stronger,7
influence,7
mini,7
intranet,7
accessed,7
keyword,7
breslau,7
rec,7
officially,7
calculate,7
intrastate,7
spouse,7
undertake,7
operated,7
documented,7
kent,7
alan,7
scene,7
precise,7
faith,7
liable,7
lucas,7
teamleadership,7
unusual,7
reimbursement,7
waskom,7
failed,7
agmt,7
hermann,7
herman,7
cleaned,7
crossing,7
freeman,7
paula,7
simunek,7
compile,7
oriented,7
georgeanne,7
rollout,7
awaiting,7
determines,7
handley,7
expedited,7
regret,7
inserted,7
icon,7
exposure,7
arrives,7
seat,7
surveyed,7
daugherty,7
reconciliation,7
gig,7
mgr,7
apart,7
counterpart,7
hyatt,7
perry,7
investigate,7
cream,7
raymond,7
posting,7
chyral,7
jun,7
messenger,7
signing,7
mastercard,7
amerada,7
tex,7
rsweb,7
emergency,7
downloads,7
fellow,7
clearly,7
meoh,7
dependent,7
kenseaman,7
industrialsmonthly,7
older,7
jamie,7
invited,7
captain,7
peer,7
rely,7
questioning,7
regional,7
lrc,7
fort,7
mccabe,7
everybody,7
particularly,7
gasper,7
fundamental,7
amanda,7
jessica,7
bertram,7
defined,7
tobacco,7
newest,7
drn,7
equally,7
burke,7
migrated,7
childers,7
viewed,7
legally,7
crodrig,7
utilize,7
trabulsi,7
arranged,7
builder,7
entirely,7
booking,7
alaska,7
reiterate,7
requiring,7
pham,7
tglo,7
declare,7
tram,7
instantly,7
argus,7
increasingly,7
harry,7
bos,7
miami,7
campus,7
blackout,7
pennzenergy,7
chicago,7
founder,7
widely,7
philadelphia,7
overhead,7
moon,7
withdrawl,7
shed,7
household,7
egg,7
mandatory,7
incentive,7
exclusively,7
zinc,7
doll,7
preferred,7
malcolm,7
bahamas,7
tracker,7
railroad,7
construction,7
thereof,7
justin,7
shelton,7
walton,7
cabinet,7
disc,7
beat,7
reliability,7
council,7
labeled,7
airplane,7
ets,7
stood,7
jesus,7
worker,7
blake,7
atr,7
import,7
employer,7
social,7
saved,7
helpdesk,7
comparing,7
inception,7
mit,7
developmental,7
introduced,7
spear,7
minister,7
concrete,7
redir,7
cqo,7
wonderful,7
pmas,7
secretary,7
restaurant,7
buffett,7
coconut,7
webmaster,7
dock,7
immune,7
severe,7
teenager,7
trini,7
sister,7
disappear,7
blown,7
glory,7
nickel,7
prevention,7
harm,7
ein,7
frederic,7
basket,7
wasting,7
alka,7
seltzer,7
cough,7
therapy,7
dimetapp,7
clalis,7
cartridge,7
onl,7
bonded,7
compliant,7
transcription,7
avaiiable,7
professiona,7
favorabie,7
aiways,7
factua,7
compieteness,7
ministry,7
consulting,7
recommends,7
promoting,7
hiv,7
nexium,7
fraction,7
edgar,7
unsub,7
breastplate,7
unnecessary,7
apapl,7
butalbital,7
apap,7
ionamin,7
tenuate,7
cyclobenzaprine,7
flexeril,7
skelaxin,7
zanaflex,7
esgic,7
flextra,7
zebutal,7
evra,7
cyclen,7
triphasil,7
vaniqa,7
acyclovir,7
famvir,7
valtrex,7
bupropion,7
hcl,7
wellbutrin,7
yankee,7
doodle,7
treasure,7
bunny,7
fucked,7
sidebacks,7
promoter,7
miilennium,7
consummated,7
witer,7
soiicitation,7
hidden,7
deem,7
khan,7
cognate,7
cheshire,7
boom,7
mental,7
effluvium,7
cli,7
cargo,7
moval,7
discreetly,7
switzerland,7
pians,7
patent,7
distributor,7
imitation,7
seiected,7
fifteen,7
optinrealbig,7
westminster,7
wont,7
swiss,7
prospective,7
cubic,7
barrel,7
compact,7
avaiiabie,7
extreme,7
diploma,7
compromised,7
restore,7
wound,7
hong,7
transferring,7
pci,7
lan,7
ounce,7
doorstep,7
viagr,7
apex,7
losing,7
clalls,7
amblen,7
decertify,7
portal,7
slut,7
draftsman,7
coc,7
abazis,7
roof,7
girlfriend,7
intimacy,7
vlagr,7
appr,7
hawk,7
casualty,7
nearby,7
thlt,7
custom,7
elimination,7
italian,7
counterman,7
madonna,7
cherub,7
carton,7
crafted,7
factory,7
multilingual,7
superfast,7
imts,7
derive,7
dleftfont,7
cco,7
pnbsp,7
craving,7
lium,7
piaget,7
vuitton,7
sexually,7
oma,7
avec,7
rewriter,7
hampden,7
specialty,7
ume,7
ger,7
itecs,7
srge,7
ich,7
tdimg,7
freehand,7
painter,7
xpress,7
psa,7
dividend,7
gspm,7
wedelmusic,7
saave,7
wowgao,7
mirrior,7
mmsr,7
interprovincial,7
backgammon,7
apprise,6
hplol,6
niestrath,6
kasemervisz,6
beware,6
apps,6
horn,6
russell,6
frustrating,6
discipline,6
premier,6
debit,6
formed,6
construct,6
responded,6
participating,6
wet,6
telling,6
prorate,6
arrived,6
shoemake,6
marvia,6
cogen,6
haul,6
clarissa,6
kimberlee,6
bennick,6
mcauliff,6
wilma,6
harwood,6
goforth,6
auburndale,6
livonia,6
representing,6
ent,6
schott,6
cynergy,6
olinger,6
messaging,6
toolbar,6
dispatch,6
reciept,6
confiscate,6
redeliver,6
financially,6
clarke,6
gasoline,6
guidance,6
petrochemical,6
acctg,6
figured,6
gcp,6
kleberg,6
dealmaker,6
dewey,6
briefly,6
gerard,6
jeremy,6
coleman,6
irene,6
carolyn,6
willie,6
inactivated,6
league,6
occasion,6
darrin,6
mba,6
void,6
exclusion,6
thereby,6
contracted,6
hampshire,6
flagstaff,6
indicator,6
examine,6
bridging,6
haas,6
receptive,6
fingertip,6
floppy,6
speaker,6
ballard,6
converted,6
recognition,6
teamlead,6
encounter,6
celebrate,6
benjamin,6
thicket,6
ledger,6
earnest,6
billy,6
polk,6
driven,6
instrumental,6
bibi,6
jenkins,6
jonathan,6
wes,6
saldana,6
eastern,6
coordination,6
shortname,6
celanese,6
internally,6
meers,6
radioshack,6
pertinent,6
clmp,6
paris,6
commences,6
heatherlock,6
greta,6
unlike,6
contributor,6
definition,6
subtotal,6
bose,6
myorder,6
otid,6
promptly,6
backwards,6
gasmsgboard,6
determining,6
ass,6
fluctuation,6
paz,6
rcotten,6
discussing,6
solicit,6
hang,6
contest,6
birthday,6
selecting,6
nicholie,6
implementing,6
coordinating,6
optional,6
template,6
safeguard,6
vote,6
tough,6
trans,6
trail,6
roy,6
bow,6
freedom,6
silence,6
bible,6
birth,6
crowd,6
plea,6
coach,6
reallocates,6
roaring,6
anp,6
consolidated,6
privilege,6
authorized,6
freeport,6
sheridan,6
gpa,6
timpowell,6
train,6
prorating,6
barnes,6
juanita,6
marchand,6
costing,6
necessarily,6
psig,6
pigged,6
fallout,6
semester,6
collecting,6
dictionary,6
hurricane,6
drafted,6
utilized,6
populate,6
bilberry,6
cow,6
magic,6
aggregate,6
deletion,6
gbl,6
breakfast,6
featuring,6
denoted,6
allotted,6
steady,6
clue,6
overdeliver,6
accomodate,6
nightly,6
alarm,6
opposite,6
shoe,6
mimi,6
busby,6
enom,6
inja,6
chun,6
remedy,6
sigma,6
wright,6
comp,6
ronnie,6
appeal,6
abacus,6
nomso,6
seneca,6
fabulous,6
accessing,6
perfmgmt,6
cosby,6
wiggins,6
orchard,6
garrett,6
sincere,6
volunteer,6
theme,6
rachel,6
davidson,6
restate,6
reversed,6
outcome,6
solving,6
engineering,6
geographic,6
replying,6
williamson,6
forum,6
entrance,6
publish,6
nahou,6
sufficient,6
density,6
huble,6
aqua,6
replacing,6
cst,6
deregulated,6
mixed,6
butane,6
susie,6
keyes,6
carbaugh,6
ehronline,6
totaling,6
shy,6
skydive,6
discounted,6
embedded,6
pcx,6
maake,6
nachlinger,6
rio,6
pennzoil,6
str,6
filed,6
explaining,6
qualification,6
indication,6
hung,6
lightly,6
dsl,6
satellite,6
hitting,6
lopez,6
fair,6
introduction,6
homepage,6
heading,6
headline,6
circumstance,6
comprise,6
boston,6
pdx,6
ticketing,6
validity,6
daze,6
marol,6
adopted,6
citizen,6
palm,6
inadvertently,6
grace,6
literally,6
editorial,6
duration,6
downloaded,6
capable,6
fry,6
cute,6
honey,6
instructed,6
miimizing,6
frequency,6
sweepstakes,6
toy,6
qtr,6
hire,6
philip,6
cocktail,6
adjustable,6
structured,6
bankrupt,6
permitting,6
streamline,6
improving,6
competing,6
mve,6
homeownernews,6
iona,6
divert,6
occidental,6
label,6
panel,6
willingness,6
grid,6
refund,6
precautionary,6
faretracker,6
route,6
getaway,6
georgia,6
relates,6
timothy,6
brazaitis,6
courtney,6
genco,6
replaced,6
evidence,6
atmic,6
rat,6
jury,6
determination,6
qualifying,6
alliance,6
picked,6
treasury,6
egm,6
consumption,6
frmly,6
safari,6
woodworking,6
jig,6
jeremiah,6
solved,6
etgs,6
hades,6
vast,6
nemec,6
weir,6
chosen,6
probusiness,6
encryption,6
holland,6
wave,6
downloading,6
somewhat,6
aba,6
olvera,6
ignore,6
singapore,6
christensen,6
dragica,6
abbott,6
rea,6
ellison,6
curtailment,6
gentle,6
shah,6
exceptional,6
furnish,6
hick,6
holder,6
supra,6
cfr,6
analyze,6
prop,6
neat,6
alumnus,6
arena,6
coconutmodem,6
yield,6
jobsonline,6
workspace,6
donor,6
cattle,6
mainly,6
ate,6
paradise,6
sunny,6
twelve,6
rica,6
breast,6
annette,6
int,6
contrast,6
angel,6
powered,6
kirkwood,6
pdn,6
hilton,6
underground,6
xms,6
sinus,6
chest,6
gel,6
supplement,6
lakeland,6
legend,6
zealand,6
advisory,6
goodwill,6
positioned,6
teacher,6
plz,6
guaranteee,6
reieases,6
reliabie,6
maiiings,6
stoxo,6
doesnt,6
securing,6
civil,6
screw,6
argue,6
casual,6
bravado,6
daydream,6
pathogen,6
alp,6
dishwasher,6
conjuncture,6
acquiring,6
soaring,6
tetra,6
timed,6
liberia,6
zenith,6
boca,6
anchorite,6
bluish,6
ings,6
unscrupulous,6
blocky,6
mouth,6
turnkey,6
undiscovered,6
inciudes,6
wine,6
ennium,6
worid,6
atp,6
itc,6
der,6
mammoth,6
finland,6
aquarius,6
alderman,6
casework,6
compensate,6
rubble,6
manfred,6
colossus,6
controversial,6
clergyman,6
wonder,6
thou,6
madrid,6
piils,6
ana,6
broth,6
deveioping,6
rgsa,6
compieted,6
deveioped,6
impiied,6
lega,6
discioses,6
impotent,6
printable,6
centera,6
byroad,6
younger,6
penls,6
wakey,6
bioelectronics,6
healing,6
chronic,6
false,6
appendix,6
ieee,6
antenna,6
epa,6
anglo,6
aspermont,6
chromium,6
buchanan,6
iaagra,6
oeol,6
filthy,6
comprehension,6
oval,6
demagogue,6
branded,6
wombat,6
ciilck,6
fffont,6
plaxo,6
compliment,6
ridia,6
nata,6
rtgage,6
loa,6
dangerous,6
clinch,6
playoff,6
badly,6
injured,6
decisive,6
terrorist,6
aftermath,6
severely,6
wounded,6
tunnel,6
fixture,6
brazil,6
cakewalk,6
suntrust,6
dwarf,6
ache,6
cater,6
elena,6
discovery,6
reclamation,6
fidgeting,6
renew,6
dislike,6
sonar,6
dragon,6
naturally,6
visio,6
systemworks,6
mbit,6
piracy,6
rmm,6
windowxp,6
shlpped,6
darialbr,6
misieading,6
samsung,6
prestigious,6
cam,6
cyber,6
relaxer,6
smoked,6
civilian,6
bassinet,6
village,6
ric,6
adv,6
artiste,6
fin,6
votre,6
fresco,6
bolivia,6
blest,6
upward,6
everthything,6
canm,6
ree,6
airpanel,6
mcdermott,6
virtue,6
france,6
complementary,6
effloresce,6
ifont,6
bmw,6
dleftstrongemfont,6
disolve,6
skel,6
codin,6
strap,6
crag,6
munich,6
ipcy,6
tourist,6
trustworthy,6
frankfurt,6
khttp,6
pmedbadbu,6
muller,6
workstation,6
millenium,6
encarta,6
encyclopedia,6
delux,6
divide,6
charger,6
louse,6
uvre,6
abidjan,6
millionaire,6
promethe,6
diplomatic,6
musicnetwork,6
notation,6
abacha,6
mac,6
spank,6
bingoline,6
lotteria,6
itst,6
postpaid,6
stratton,5
confirms,5
gullion,5
guard,5
mgt,5
gayle,5
settling,5
shanghai,5
barring,5
bjd,5
enables,5
develops,5
templeton,5
tippery,5
specified,5
berke,5
offsite,5
bridged,5
basically,5
suemaur,5
detm,5
lomax,5
ppa,5
kimat,5
singla,5
correspond,5
structural,5
abroad,5
establishing,5
bland,5
gaslift,5
hewitt,5
sepo,5
simplified,5
canales,5
attendee,5
inactivation,5
kori,5
loibl,5
colbert,5
campbell,5
elsie,5
metz,5
sweitzer,5
clinic,5
dozen,5
incur,5
shoot,5
nfl,5
boot,5
excluding,5
pierce,5
sue,5
logic,5
althaus,5
commencing,5
wkd,5
scope,5
helmrich,5
synthetic,5
unprecedented,5
sweep,5
sporting,5
mall,5
nng,5
reconciled,5
bherod,5
frequently,5
pecos,5
roberson,5
shrink,5
standing,5
recording,5
lightning,5
temperature,5
wiesepape,5
hiring,5
shelly,5
curran,5
doyle,5
forming,5
elsewhere,5
brings,5
accelerated,5
piper,5
jared,5
southeast,5
fence,5
wgr,5
lately,5
wade,5
broadway,5
maldonado,5
serving,5
reflecting,5
ggrant,5
enrolled,5
methodology,5
recoup,5
torus,5
recruiter,5
junior,5
define,5
certainly,5
consensus,5
automatic,5
sharing,5
succession,5
observation,5
constructive,5
thumb,5
apprised,5
contemporary,5
prodigy,5
mann,5
orange,5
aloud,5
elect,5
silent,5
knowing,5
secondary,5
gemc,5
tivoli,5
whiteboard,5
repeated,5
pumper,5
stick,5
inactivate,5
maillet,5
employment,5
referral,5
learned,5
measuring,5
memorial,5
performed,5
mode,5
prev,5
battle,5
petro,5
touched,5
rotating,5
aggragate,5
conant,5
morrow,5
module,5
albert,5
redistribute,5
fka,5
spends,5
dump,5
composition,5
wellbore,5
stratified,5
conferred,5
conditional,5
stablilized,5
turkey,5
kelley,5
recurring,5
mountain,5
shults,5
logged,5
radar,5
lofton,5
anxious,5
lesser,5
winn,5
areveffo,5
smil,5
skymiles,5
copyrighted,5
texlan,5
steagall,5
workday,5
describe,5
pena,5
spence,5
reisz,5
brandon,5
aaron,5
marked,5
leaf,5
donation,5
poellinger,5
ashland,5
moran,5
hodge,5
positioning,5
compression,5
hankins,5
covington,5
betty,5
lifted,5
curious,5
aggie,5
personalized,5
rtackett,5
loring,5
somebody,5
buffet,5
cico,5
nina,5
evaluated,5
fig,5
honor,5
blanca,5
pam,5
johnny,5
placing,5
attended,5
remotely,5
pdf,5
performer,5
actively,5
causey,5
retains,5
derivative,5
handout,5
cease,5
perlman,5
sta,5
valving,5
purport,5
predecessor,5
loc,5
domain,5
antoine,5
wanda,5
calculating,5
impacting,5
reset,5
command,5
piping,5
mistaken,5
didnt,5
stalin,5
henry,5
carrying,5
headquartered,5
compiling,5
emily,5
pearl,5
doehrman,5
comitas,5
entitled,5
governer,5
demo,5
finalizing,5
retro,5
bmar,5
erroring,5
score,5
constantly,5
loyal,5
loyalty,5
football,5
shorted,5
permission,5
cheesy,5
yearly,5
embassy,5
launching,5
eops,5
walking,5
heating,5
kick,5
floating,5
shutdown,5
hoskins,5
ecommerce,5
mcmahon,5
maxwell,5
impressive,5
jet,5
miscellaneous,5
hired,5
printed,5
identical,5
senator,5
preventing,5
heaven,5
vinyl,5
taste,5
dewbre,5
depend,5
occured,5
hell,5
envelope,5
osborne,5
vances,5
parked,5
kindly,5
followup,5
dat,5
pearce,5
bath,5
facial,5
accommodation,5
recover,5
warned,5
stability,5
byzantine,5
overcome,5
lasting,5
propose,5
midcoast,5
contracting,5
enhancing,5
bolt,5
gear,5
passion,5
jewelry,5
reverse,5
hero,5
incredibly,5
erich,5
clinton,5
simultaneously,5
shepherd,5
haynes,5
catastrophic,5
reality,5
unix,5
vidor,5
fade,5
routine,5
corridor,5
coin,5
universal,5
traveling,5
calvin,5
ditch,5
var,5
posse,5
beau,5
limo,5
ajello,5
ondarza,5
candace,5
lillian,5
katie,5
bump,5
melanie,5
mandy,5
bac,5
atkins,5
camcorder,5
expedite,5
crap,5
ppt,5
hurta,5
hampton,5
specify,5
thin,5
magnitude,5
oxygen,5
boatman,5
foster,5
romano,5
sander,5
eecc,5
marcus,5
privileged,5
spinaker,5
adequate,5
snapshot,5
bowman,5
brave,5
arizona,5
cardinal,5
rapidly,5
chose,5
corinthian,5
sad,5
rrc,5
suit,5
culture,5
ross,5
sourcing,5
fourteen,5
appliance,5
realized,5
wage,5
bridgeback,5
blink,5
constant,5
christian,5
professor,5
letterhead,5
elaine,5
g,5
pope,5
rodgers,5
plane,5
surface,5
avenue,5
unfinaled,5
tutorial,5
borrow,5
gotta,5
watson,5
obscure,5
nut,5
transistion,5
learns,5
adoption,5
reg,5
fercsr,5
characteristic,5
wear,5
lauderdale,5
archive,5
incorporate,5
layout,5
contrary,5
golly,5
marrow,5
nicely,5
quiet,5
efficiently,5
static,5
vertical,5
hitch,5
consist,5
accessible,5
concert,5
bound,5
annals,5
library,5
helen,5
wardrobe,5
alike,5
creator,5
grumman,5
avoidance,5
badge,5
fischer,5
epowered,5
fastest,5
hop,5
compromise,5
gang,5
bellow,5
retiree,5
delinvest,5
ajax,5
stern,5
sanjay,5
compilation,5
tremendous,5
currency,5
duck,5
applies,5
dual,5
arrival,5
effervescent,5
gogh,5
nile,5
scanner,5
phenomenal,5
cornelius,5
tube,5
partial,5
abdul,5
xenlcal,5
browse,5
sol,5
ription,5
eading,5
hippa,5
presentiy,5
availabie,5
resuiting,5
nigerian,5
bless,5
ellipsoid,5
dune,5
archaic,5
binary,5
kingdom,5
bradford,5
doldrums,5
infected,5
quo,5
manufacture,5
environmentally,5
tire,5
reynolds,5
ignite,5
swarthmore,5
odin,5
hazard,5
permanently,5
zoloft,5
arthritis,5
perverse,5
chalcedony,5
promo,5
scientific,5
frau,5
guarante,5
mild,5
dandy,5
rabbit,5
character,5
pussy,5
hardcore,5
dissolve,5
mover,5
depot,5
twa,5
coca,5
spirit,5
specuiative,5
prnewswire,5
yourseif,5
invoiving,5
sha,5
wrongfu,5
tester,5
pri,5
colloquy,5
counterfeit,5
hostess,5
airmass,5
annulus,5
bucolic,5
eyesight,5
byte,5
freehold,5
compagnie,5
liqueur,5
beckon,5
aide,5
flaunt,5
electrolytic,5
aniline,5
bernstein,5
emile,5
melbourne,5
cousin,5
cookbook,5
bel,5
contradistinction,5
bilinear,5
bobbie,5
boule,5
bakery,5
bilharziasis,5
efface,5
ilyushin,5
bang,5
extenuate,5
honesty,5
cloak,5
spanish,5
freeware,5
viicodin,5
qui,5
nomore,5
bze,5
housewife,5
anax,5
alliterate,5
antler,5
bull,5
littie,5
targeting,5
proportion,5
sav,5
biilion,5
phd,5
programming,5
concentration,5
shail,5
diiigence,5
moosq,5
sup,5
shaun,5
successfu,5
egal,5
inf,5
alexander,5
ancient,5
proposition,5
colleague,5
perfected,5
urgently,5
dirty,5
wiz,5
shareware,5
doctorate,5
actipatch,5
utmost,5
homeowner,5
dwl,5
australian,5
eloise,5
alcoa,5
bauxite,5
pllls,5
jdz,5
balustrade,5
convoy,5
supramax,5
teenage,5
alium,5
cialiis,5
shiip,5
fiction,5
lev,5
itra,5
akin,5
sandpaper,5
admiral,5
coachwork,5
almagest,5
astonish,5
aye,5
accent,5
deadlock,5
asphyxiate,5
scoop,5
confession,5
elastic,5
demountable,5
junk,5
blocker,5
medg,5
nearest,5
fooled,5
din,5
calamity,5
heritage,5
prefix,5
acidulous,5
babysit,5
brochure,5
brfont,5
exponential,5
zbaqooqk,5
endgame,5
blustery,5
ggo,5
evil,5
arduous,5
elide,5
perscriptions,5
mbi,5
brex,5
xil,5
calcite,5
bingham,5
acid,5
retaking,5
birk,5
flagged,5
wiped,5
struggled,5
raanan,5
beneath,5
rescue,5
dismantle,5
normalization,5
rafah,5
yasser,5
arafat,5
firing,5
detonated,5
stretcher,5
pamphlet,5
smuggle,5
smuggling,5
wounding,5
schoolchildren,5
yunis,5
harbor,5
lien,5
cup,5
concord,5
bookbind,5
modern,5
cheeap,5
viiagra,5
arsine,5
bicameral,5
elite,5
convivial,5
sleight,5
belch,5
atmospheric,5
dagger,5
debussy,5
dormant,5
snore,5
dis,5
heuer,5
native,5
gram,5
wavefront,5
architectural,5
pinnacle,5
powerquest,5
ulead,5
financier,5
bitch,5
fool,5
shoulder,5
manufacturing,5
licensing,5
prescrlption,5
siz,5
disorder,5
pda,5
genus,5
birthright,5
testimonial,5
beloit,5
councilwoman,5
awake,5
flew,5
fountain,5
bugle,5
hoosier,5
bookend,5
grass,5
shining,5
dredge,5
phrase,5
longines,5
illegal,5
opx,5
textarea,5
german,5
bod,5
machinery,5
mugabe,5
animal,5
nica,5
faithfully,5
eddy,5
ggts,5
offfers,5
scan,5
acc,5
mois,5
collector,5
pa,5
pouvez,5
rear,5
coffer,5
coco,5
douse,5
arty,5
authentic,5
bluster,5
compass,5
abbot,5
bondsman,5
bazaar,5
catkin,5
exclamation,5
manipulation,5
publicly,5
cameraman,5
storm,5
outsourcing,5
colgate,5
mhz,5
ninety,5
cattleman,5
axle,5
retailer,5
fleet,5
census,5
syslync,5
hdpe,5
flake,5
fuck,5
habe,5
kylie,5
mal,5
fossil,5
dtd,5
dcenterstrongfont,5
ema,5
strongstrongemfont,5
ffffffnbsp,5
claremont,5
dilute,5
grumble,5
zap,5
bezel,5
gut,5
adolph,5
durango,5
vaiium,5
iscsi,5
kimberlite,5
datacenter,5
deceased,5
hookup,5
plll,5
wxga,5
fore,5
recherche,5
revealing,5
necx,5
universitat,5
pompeu,5
fabra,5
homeland,5
khumalo,5
monga,5
benin,5
bio,5
